time,strain,stress,temperature,type,medium,strain_rate,youngs,poissons
0.0021194444444444446,4.691089129047724e-05,57.473066962948,25,tensile,air,36.0,211000,0.3
0.0021369444444444444,0.0001149686814540859,83.99357704316,,,,,,
0.0021719444444444442,0.0003181804149811273,136.012297443,,,,,,
0.0021894444444444444,0.0003991349274531769,159.63006559392,,,,,,
0.0022241666666666664,0.0007179184205925162,208.301188992108,,,,,,
0.002241388888888889,0.0008415333364993849,229.879838526488,,,,,,
0.0022791666666666668,0.001285010135801009,279.32553439947,,,,,,
0.002296666666666667,0.001491159630497466,299.076270761172,,,,,,
0.002332777777777778,0.001960285135735334,340.35653239368,,,,,,
0.0023516666666666664,0.002251833832652622,360.4804873677199,,,,,,
0.002386388888888889,0.002783084292887709,394.0816260325,,,,,,
0.002403888888888889,0.003032384286355938,409.37279587806,,,,,,
0.002438611111111111,0.003708768423234335,440.307849750612,,,,,,
0.0024741666666666666,0.004476269203621361,466.6056681288239,,,,,,
0.0024916666666666668,0.004819853139145278,477.1020437683679,,,,,,
0.002526388888888889,0.005721086483301701,496.542603367183,,,,,,
0.002543611111111111,0.006171135692512065,503.934234192,,,,,,
0.0025783333333333335,0.007142802004870376,517.341117438551,,,,,,
0.0025958333333333337,0.007708383495776264,523.462560520563,,,,,,
0.0026308333333333335,0.008706573021812134,533.117429473668,,,,,,
0.0026483333333333337,0.00922030923399568,537.171476484762,,,,,,
0.0026830555555555557,0.01034546448239859,544.902792714735,,,,,,
0.002700277777777778,0.01087162810933609,548.224962006015,,,,,,
0.002735,0.01202606767358658,554.3519042884741,,,,,,
0.002769722222222222,0.01310289514245883,559.7327738880001,,,,,,
0.0027872222222222226,0.01365120075909303,561.885019973212,,,,,,
0.0028219444444444446,0.01482388721414371,566.913978259496,,,,,,
0.0028391666666666665,0.01533012506434476,568.8276349734109,,,,,,
0.002873888888888889,0.01647130211121261,573.016427940212,,,,,,
0.002891388888888889,0.01702160138383816,574.978764905395,,,,,,
0.002926111111111111,0.0180885954229826,578.2745391692639,,,,,,
0.002943611111111111,0.01872192556894511,580.52702722325,,,,,,
0.0029783333333333333,0.01983642010157188,583.581699413129,,,,,,
0.0029958333333333334,0.02039020307842558,585.270757991298,,,,,,
0.0030305555555555554,0.02167681076749759,588.65862153465,,,,,,
0.003065277777777778,0.02291796360184209,591.9652407505,,,,,,
0.003085,0.0236029260631619,593.7378377032389,,,,,,
0.003119722222222222,0.02476321104698532,596.50230004239,,,,,,
0.0031372222222222222,0.02536166623440519,598.040604517455,,,,,,
0.0031719444444444447,0.02660893950317719,600.789990900429,,,,,,
0.0031891666666666665,0.02720765524207,602.258819874285,,,,,,
0.003223888888888889,0.02849530290765753,605.15278161237,,,,,,
0.003241388888888889,0.02905451215060687,606.3105481619999,,,,,,
0.003276111111111111,0.030207789162885,609.082335380133,,,,,,
0.0032933333333333334,0.03089848745213281,610.3447950921451,,,,,,
0.003330555555555556,0.03209060371104044,613.292944573869,,,,,,
0.003348055555555556,0.03269530177342001,614.3217818768641,,,,,,
0.003385833333333333,0.03397460572273491,617.256585648794,,,,,,
0.0034205555555555556,0.03509112163992147,619.344284092061,,,,,,
0.0034377777777777774,0.03577136598044328,620.9517782566879,,,,,,
0.0034727777777777778,0.03688496892153538,623.094988526456,,,,,,
0.0034930555555555552,0.03765328076548452,624.669890045488,,,,,,
0.0035277777777777777,0.03880357504961467,627.148183950124,,,,,,
0.003545,0.03936070913687065,628.120924036165,,,,,,
0.0035797222222222224,0.04063529761777791,630.873128483472,,,,,,
0.003597222222222222,0.0412369659038168,631.79769233952,,,,,,
0.003631944444444444,0.04247189773784468,634.2035541552619,,,,,,
0.003649166666666667,0.04302421893274443,635.335813301048,,,,,,
0.003683888888888889,0.04413173904553378,637.33708642307,,,,,,
0.0037186111111111113,0.04536386447833874,639.7637760831601,,,,,,
0.003736111111111111,0.04591733131832854,640.746771984045,,,,,,
0.003770833333333333,0.04714500447962685,643.251753632371,,,,,,
0.003788055555555556,0.04770048920400594,644.0682624983041,,,,,,
0.003822777777777778,0.04879884621700026,646.3074847499998,,,,,,
0.0038402777777777775,0.04947670331845685,647.610389219343,,,,,,
0.003875,0.05057975909864391,649.5332910712449,,,,,,
0.0038922222222222223,0.05112479708640997,650.7831147740301,,,,,,
0.003926944444444445,0.05231298278269982,652.7331612569819,,,,,,
0.003944444444444444,0.0528604760431291,653.8470078527109,,,,,,
0.0039791666666666664,0.05404239892673567,656.040916162632,,,,,,
0.004014166666666667,0.05513591853137575,658.2331728,,,,,,
0.004031666666666667,0.05568406220310881,659.22578738547,,,,,,
0.0040663888888888885,0.05690669237826589,661.368240564031,,,,,,
0.004086388888888889,0.05753620466580978,662.62458505089,,,,,,
0.004121111111111111,0.05867568014329039,664.4329976007879,,,,,,
0.004138333333333333,0.05921847075195336,665.6266960812609,,,,,,
0.004173055555555556,0.06026887204487047,667.468260282614,,,,,,
0.004190555555555556,0.06089791406482915,668.6350245914019,,,,,,
0.0042252777777777775,0.0619869689047668,670.6724692855771,,,,,,
0.0042425,0.06253542725873254,671.438668772352,,,,,,
0.004277222222222222,0.06374652652480876,673.784904706704,,,,,,
0.004294722222222222,0.06433385252431925,674.7185933147401,,,,,,
0.004329444444444445,0.0655438864301836,677.005418079976,,,,,,
0.004364166666666666,0.06671837461021177,678.79927219237,,,,,,
0.0043816666666666665,0.06730088051130734,679.916428815485,,,,,,
0.004416388888888889,0.0685534353829252,682.055646303104,,,,,,
0.004433611111111111,0.06909735752194432,682.8839147240001,,,,,,
0.004463611111111111,0.07013397009703003,684.9520606518721,,,,,,
0.004474722222222223,0.07050974469928856,685.53124634908,,,,,,
0.004504722222222222,0.07155243041514839,687.2139194933679,,,,,,
0.004522222222222223,0.07213139494028427,688.380880099388,,,,,,
0.004556944444444445,0.07333988174981547,690.22462261518,,,,,,
0.0045741666666666665,0.07387598614733688,691.3673258375219,,,,,,
0.004609166666666667,0.0749993648524691,693.1286236115849,,,,,,
0.004643888888888889,0.07615579330167013,695.3051628538472,,,,,,
0.0046611111111111115,0.07669353754355504,696.2640833943,,,,,,
0.004695833333333334,0.07785427947672582,698.126418078483,,,,,,
0.004713055555555555,0.07843001623771126,699.2776137341831,,,,,,
0.004750277777777778,0.0795904255080388,701.0431101414999,,,,,,
0.004770277777777777,0.08024712217981306,702.3766736769751,,,,,,
0.004804999999999999,0.08144548361295602,704.26058504428,,,,,,
0.0048225,0.08197703960827024,705.4274450672799,,,,,,
0.004857777777777778,0.08321573678119118,707.3402475944999,,,,,,
0.004875277777777777,0.08379246648247687,708.25240792728,,,,,,
0.004905555555555555,0.08477652483602047,710.090896980478,,,,,,
0.004940277777777778,0.08597063855943501,711.91419074109,,,,,,
0.004957777777777777,0.08650031179173719,713.0556068977921,,,,,,
0.0049924999999999995,0.08761172028742205,714.7148523153679,,,,,,
0.0050100000000000006,0.0882660940684531,715.8823823200009,,,,,,
0.005045277777777778,0.08933170236028569,717.6234698647351,,,,,,
0.0050625,0.08994553948007972,718.65901209942,,,,,,
0.005097222222222223,0.09104506178024852,720.763054439334,,,,,,
0.005114722222222222,0.09157965021913421,721.444497439023,,,,,,
0.005149722222222222,0.09271590716407996,723.73494493644,,,,,,
0.005167222222222222,0.09328795656495117,724.66669781741,,,,,,
0.005201944444444445,0.09443077096474109,726.49386667221,,,,,,
0.005219166666666667,0.0949552156315285,727.63685401148,,,,,,
0.0052538888888888895,0.09601790552996183,729.132648435525,,,,,,
0.005288888888888889,0.09715084470677121,731.3854430499999,,,,,,
0.005306111111111111,0.0976816043206254,732.1077874323701,,,,,,
0.005340833333333334,0.09881415839550359,734.2716355269121,,,,,,
0.005358333333333333,0.09930156184938271,735.0165518262731,,,,,,
0.0053930555555555554,0.1004358542699191,736.961230227834,,,,,,
0.0054108333333333335,0.1009193869787646,737.900375474004,,,,,,
0.005445555555555555,0.1019318728955008,739.5808848947399,,,,,,
0.005463055555555556,0.1025764589086866,740.798497579596,,,,,,
0.0054977777777777785,0.1036302981565382,742.357332800892,,,,,,
0.005515,0.1041543879982468,743.2894320243842,,,,,,
0.005549722222222222,0.1053627722264522,745.394363841634,,,,,,
0.005584444444444444,0.1064492835922874,747.3526754386002,,,,,,
0.005601944444444445,0.1070921815717496,748.4994014695441,,,,,,
0.005636666666666667,0.1082224722152894,750.1568564235201,,,,,,
0.005653888888888889,0.108741431170391,751.209654466755,,,,,,
0.005688888888888889,0.1099501661281051,753.0086884576749,,,,,,
0.0057063888888888884,0.1104692196317519,754.05806373,,,,,,
0.005741111111111111,0.1116756989426987,755.871396760012,,,,,,
0.005758333333333333,0.1121966065946878,756.746723984295,,,,,,
0.005793055555555556,0.1133937901252839,758.968367732176,,,,,,
0.005810555555555555,0.1139166304904606,759.663850586333,,,,,,
0.005845277777777777,0.1149526765449212,761.6232990201771,,,,,,
0.0058825,0.1161943255136275,763.443722709,,,,,,
0.0059,0.1167099912370568,764.51036431807,,,,,,
0.0059347222222222214,0.1177470905137041,766.220709204686,,,,,,
0.005951944444444445,0.1183445979317108,767.234196285385,,,,,,
0.005987222222222222,0.1193772605724958,769.0674594345521,,,,,,
0.006004444444444444,0.1199763841823805,769.9144281694039,,,,,,
0.006039166666666667,0.1210437113903733,772.0692929529349,,,,,,
0.006056666666666666,0.1216024452196369,772.8578590935961,,,,,,
0.006091388888888888,0.1227504788674147,774.9509527759999,,,,,,
0.006108611111111111,0.1233052934942344,775.876668960352,,,,,,
0.006144166666666667,0.1244573780936672,777.638474904705,,,,,,
0.006164444444444445,0.1250485942020748,778.7516357243519,,,,,,
0.006199166666666667,0.12619815818377,780.550621260135,,,,,,
0.006233888888888889,0.1272236639995847,782.3390088214879,,,,,,
0.006251666666666667,0.1278171570395228,783.2560216,,,,,,
0.006286388888888889,0.1288390014335721,785.238974562,,,,,,
0.006303611111111111,0.1293542510516932,785.9186735700789,,,,,,
0.006338333333333334,0.1304958499438093,787.868108752176,,,,,,
0.006355833333333333,0.1310037104321635,788.9835135315,,,,,,
0.006390555555555556,0.1321475158803398,790.6643609539501,,,,,,
0.006407777777777778,0.1326542976217291,791.7977714983159,,,,,,
0.0064425,0.1336800158500651,793.202941333736,,,,,,
0.0064600000000000005,0.1342662919889315,794.353734474001,,,,,,
0.006494722222222222,0.13528379737093,796.20116562951,,,,,,
0.006529722222222222,0.1363780755399647,798.1611769971039,,,,,,
0.006546944444444444,0.1368865784790383,799.040115811472,,,,,,
0.006581666666666666,0.1379054768158686,800.6196211925,,,,,,
0.006599166666666667,0.1384883331066172,801.839702875512,,,,,,
0.00663388888888889,0.13946760758562,803.25381536088,,,,,,
0.006651111111111111,0.1399729722332552,804.2418237165981,,,,,,
0.006685833333333333,0.1410232005512215,806.170526749056,,,,,,
0.006703333333333334,0.1415303115035298,806.988385569846,,,,,,
0.006738055555555556,0.1426572723489054,809.020089107505,,,,,,
0.0067555555555555554,0.1431658172033894,809.68532101824,,,,,,
0.00679,0.14421236334613,811.7032289416638,,,,,,
0.006824722222222222,0.1453405579832391,813.4499835236841,,,,,,
0.006843888888888889,0.1459576675939429,814.732883209791,,,,,,
0.006878611111111111,0.1470468580839184,816.327447278178,,,,,,
0.006895833333333333,0.147665103609942,817.462219905563,,,,,,
0.006930833333333333,0.1487074845887439,819.393097397824,,,,,,
0.006948333333333333,0.1492527496485217,820.083431821557,,,,,,
0.0069858333333333335,0.1504847581489994,822.4542426422139,,,,,,
0.007003055555555555,0.151030701271226,823.0319722410239,,,,,,
0.007037777777777777,0.1521446480960795,825.2476592511961,,,,,,
0.007056666666666667,0.1526870413313141,825.94970629605,,,,,,
0.007091666666666667,0.1537642533666452,827.880693193246,,,,,,
0.007109166666666666,0.1543027959769337,828.7909548321581,,,,,,
0.007143888888888889,0.155381841879826,830.475886686,,,,,,
0.007178611111111111,0.1563777202604577,832.3909985270881,,,,,,
0.007195833333333334,0.1569572118782462,833.123556989768,,,,,,
0.007230555555555556,0.1579481362012508,835.21876559391,,,,,,
0.007252222222222222,0.1586430140439982,836.0923032312961,,,,,,
0.007286944444444445,0.1596731142190376,838.1087817355441,,,,,,
0.007304444444444444,0.1602471632015803,839.09318501974,,,,,,
0.007339166666666667,0.1613176251463744,840.88260986301,,,,,,
0.007356388888888889,0.1618127717748893,841.843688401408,,,,,,
0.007393888888888888,0.1630006208335213,843.544563823665,,,,,,
0.007411388888888889,0.1635318226863522,844.69399365,,,,,,
0.007446111111111112,0.1646030941296115,846.2433628079,,,,,,
0.007480833333333333,0.1655866963838105,848.339119300416,,,,,,
0.0075005555555555554,0.1661609984377283,849.0700969657021,,,,,,
0.007541111111111111,0.1674125392896584,851.4244781417921,,,,,,
0.0075611111111111105,0.167984743411172,852.231994614,,,,,,
0.007595833333333333,0.1690460036421037,854.1651990204219,,,,,,
0.007613333333333334,0.1695382677013906,855.0671494135999,,,,,,
0.0076480555555555555,0.1705630995255978,856.6825541675449,,,,,,
0.007668333333333333,0.1712032339007931,858.058587285312,,,,,,
0.007703333333333333,0.1721904188485552,859.4432127401251,,,,,,
0.007720555555555556,0.1726800098594581,860.429463152476,,,,,,
0.007755277777777778,0.1737376994366703,862.270689060018,,,,,,
0.00779,0.174715473220654,864.221988133683,,,,,,
0.0078075,0.1753194728771797,865.19908000719,,,,,,
0.007842222222222223,0.176262907215064,866.76230885523,,,,,,
0.007859444444444445,0.1767503334406115,867.7037377477051,,,,,,
0.007894166666666667,0.1778073633906764,869.287365153038,,,,,,
0.007911666666666666,0.1782947924021583,870.2368747207289,,,,,,
0.007946388888888888,0.1793087446306917,872.0092962032761,,,,,,
0.00796361111111111,0.1797971324833719,872.8364089543661,,,,,,
0.007998333333333333,0.180769430438694,874.768167381097,,,,,,
0.008015833333333333,0.1813352026188959,875.501560266124,,,,,,
0.008053333333333334,0.1824161673564752,877.7680062934651,,,,,,
0.008088055555555557,0.1835057301874906,879.316161006575,,,,,,
0.008105555555555555,0.1840272180953369,880.410930091084,,,,,,
0.00814,0.1850375332267911,882.033989519781,,,,,,
0.0081575,0.1856353828133433,883.0173409243259,,,,,,
0.008192222222222222,0.1866421204895557,884.78804893878,,,,,,
0.008209444444444445,0.187203260702531,885.623790563792,,,,,,
0.008244444444444445,0.1882411322470308,887.8329040525001,,,,,,
0.008261944444444443,0.1887289898753589,888.3830406137181,,,,,,
0.008296666666666666,0.1898054383499568,890.4086827982279,,,,,,
0.008313888888888888,0.1903270858646236,891.1906720464151,,,,,,
0.00834861111111111,0.1913660478098087,893.0821982558659,,,,,,
0.00836611111111111,0.1918474292004763,894.005938850034,,,,,,
0.008403611111111112,0.1928862526131657,895.7921651115801,,,,,,
0.008438333333333334,0.1939603438198942,897.6674131425,,,,,,
0.008455555555555556,0.1944427836507478,898.419512436597,,,,,,
0.008490277777777779,0.1955141352827347,900.378433948122,,,,,,
0.008507777777777777,0.1959963066299468,901.095291694,,,,,,
0.0085425,0.1969516508862932,903.159589659964,,,,,,
0.008559722222222222,0.1975416450451231,904.2136469908611,,,,,,
0.008594444444444444,0.1985755160721052,905.9382629038981,,,,,,
0.008611944444444445,0.1990894137973486,906.970519096668,,,,,,
0.008649166666666666,0.200236812791799,908.5076850794699,,,,,,
0.008666666666666666,0.2007489733467649,909.672298034304,,,,,,
0.008701388888888889,0.2018174552852391,911.347638439436,,,,,,
0.008736111111111111,0.2027690835362912,913.2835205557,,,,,,
0.008753611111111111,0.2032458389597787,914.15384041827,,,,,,
0.008788333333333334,0.2043122613429884,915.786825903004,,,,,,
0.008805833333333334,0.2047867693298541,916.7748849902241,,,,,,
0.008840555555555556,0.2058142930837724,918.361900361728,,,,,,
0.008857777777777779,0.2062869596013263,919.4386530696829,,,,,,
0.008892777777777779,0.2072391131059885,921.013969325788,,,,,,
0.00891,0.2077856785484865,922.1098514268241,,,,,,
0.008950833333333333,0.2089183228187658,924.034501952,,,,,,
0.008968333333333333,0.2094659508244074,924.978224905746,,,,,,
0.009003055555555556,0.2104116986185263,926.8220454503039,,,,,,
0.009037777777777778,0.2114309534124721,928.6135559136719,,,,,,
0.009055,0.2119011015517638,929.686279998897,,,,,,
0.009089722222222221,0.2128500514453233,931.103971145334,,,,,,
0.009107222222222223,0.2134297770408987,932.2498927979161,,,,,,
0.009141944444444446,0.2143404674849939,933.6746965867669,,,,,,
0.009159166666666666,0.2147748909499991,934.4999449731661,,,,,,
0.009193888888888889,0.215786363134587,936.6267394204399,,,,,,
0.009211388888888889,0.21625967839609,937.2933141664579,,,,,,
0.009246111111111111,0.2173061897407701,939.4310094975001,,,,,,
0.009263333333333333,0.2177791627894988,940.068805720859,,,,,,
0.009298055555555556,0.2187538194754048,941.915652878736,,,,,,
0.009315555555555556,0.2193326880514628,942.86556284751,,,,,,
0.009353333333333333,0.2204153179380829,944.851159609659,,,,,,
0.009388055555555554,0.2214988470838426,946.67390738553,,,,,,
0.009405277777777778,0.2220042272889291,947.479898093939,,,,,,
0.00944,0.2229737145906331,949.4188831878959,,,,,,
0.009457499999999999,0.2235537391479936,950.1498167649119,,,,,,
0.009492222222222221,0.2245570189312008,952.1780346438361,,,,,,
0.009509444444444445,0.2250245509471341,952.9824879519751,,,,,,
0.009545833333333333,0.2261736787733078,955.042608655098,,,,,,
0.009563333333333333,0.2266760153456279,955.907434280694,,,,,,
0.009598055555555554,0.2276102349642531,957.4107523365,,,,,,
0.009615277777777778,0.2281456576446717,958.5381862406681,,,,,,
0.00965,0.2291144752158667,960.0626995141672,,,,,,
0.009684722222222223,0.2300757672095124,962.122343034944,,,,,,
0.009702222222222221,0.2305414490488651,962.872358121553,,,,,,
0.009736944444444444,0.2315072135272957,964.52533006754,,,,,,
0.009754166666666668,0.2320405685786209,965.590522324368,,,,,,
0.009788888888888889,0.2329710804773212,966.996324083202,,,,,,
0.009806388888888889,0.2334302364908065,968.170851671807,,,,,,
0.00984111111111111,0.2344658453585481,969.7790810170291,,,,,,
0.009858333333333334,0.2349614387291252,970.928442610936,,,,,,
0.009893055555555556,0.2360314107645206,972.539677163368,,,,,,
0.009910555555555554,0.2364929963613282,973.4029922286339,,,,,,
0.009945277777777777,0.2374485574254962,975.36737813767,,,,,,
0.00998,0.2384443834797213,976.961987518104,,,,,,
0.009997222222222223,0.2389030494714473,977.9763626250001,,,,,,
0.010031944444444446,0.2398986146015659,979.4750505434359,,,,,,
0.010051944444444443,0.2404259591854912,980.7429681937119,,,,,,
0.010086666666666666,0.2413837159428834,982.2219094105251,,,,,,
0.01010388888888889,0.2418429980046409,983.0762326035021,,,,,,
0.010138611111111112,0.2428298925675924,985.056717487635,,,,,,
0.01015611111111111,0.2432890579814143,985.8007419876801,,,,,,
0.010190833333333333,0.2443103230306753,987.838660160408,,,,,,
0.010208055555555557,0.2447701159652801,988.5407724214,,,,,,
0.010242777777777778,0.2456834897842117,990.345980234628,,,,,,
0.010260277777777778,0.2462115699681275,991.3048324905081,,,,,,
0.010294999999999999,0.2471276315425272,992.8431420610001,,,,,,
0.010334444444444445,0.2481459118338653,994.7441841799321,,,,,,
0.010354444444444446,0.2487423220402242,995.8872147642548,,,,,,
0.010389444444444444,0.2496520543279631,997.767425256819,,,,,,
0.010406666666666666,0.2501109817071371,998.3394039791921,,,,,,
0.010441388888888889,0.2510525339674871,1000.421031223677,,,,,,
0.010458888888888889,0.251509752067599,1001.084028656474,,,,,,
0.010496666666666666,0.2525927478638798,1003.192200214167,,,,,,
0.010513888888888889,0.2530471067702367,1004.039011456704,,,,,,
0.010548611111111111,0.254060233416383,1005.8781505005,,,,,,
0.01056611111111111,0.2545485821566947,1006.78051390448,,,,,,
0.010600833333333332,0.2554927549004794,1008.358969395304,,,,,,
0.010635555555555554,0.2565358121949058,1010.443064902839,,,,,,
0.010652777777777778,0.2570266778734343,1011.095828082176,,,,,,
0.0106875,0.2580682475612013,1013.173289929472,,,,,,
0.010705,0.2585208651267676,1013.96085557785,,,,,,
0.010739722222222222,0.2594948105249095,1015.682919077043,,,,,,
0.010756944444444444,0.2600485391231888,1016.844164054208,,,,,,
0.010792222222222222,0.2609884131255571,1018.28747929452,,,,,,
0.010809722222222222,0.2614711764338095,1019.453671230634,,,,,,
0.010844444444444445,0.2624803539859012,1020.9136482585,,,,,,
0.010861666666666665,0.2629282391401147,1021.94131862886,,,,,,
0.010896388888888888,0.2639316955779136,1023.771743560043,,,,,,
0.01093111111111111,0.2648303902964996,1025.446185725799,,,,,,
0.010948333333333334,0.265277232490898,1026.475443082474,,,,,,
0.010983333333333333,0.2662479335568742,1027.91949256298,,,,,,
0.011000555555555555,0.2666930023480686,1028.981907526815,,,,,,
0.011035277777777778,0.2676954762849452,1030.642723454952,,,,,,
0.011052777777777778,0.2681411050664924,1031.66896155939,,,,,,
0.0110875,0.2690713242856612,1033.304888285544,,,,,,
0.01110472222222222,0.2696229733814485,1034.195801809387,,,,,,
0.011139444444444443,0.2705474985447773,1036.213063087664,,,,,,
0.011156944444444445,0.270998317346862,1036.673969712635,,,,,,
0.011191666666666666,0.2719562471753938,1038.762487104,,,,,,
0.011208888888888888,0.2724371745788979,1039.570100929876,,,,,,
0.01124361111111111,0.2733967392083425,1041.39537635658,,,,,,
0.011278333333333333,0.2743242672610187,1042.845576213312,,,,,,
0.011295833333333333,0.2747693591516288,1043.664657711369,,,,,,
0.011330555555555556,0.2757258386063889,1045.569023713,,,,,,
0.011348055555555556,0.2761369599568398,1046.215080281925,,,,,,
0.011383611111111112,0.2771242498057488,1048.402720880464,,,,,,
0.011400833333333332,0.2775697762234615,1049.074352780795,,,,,,
0.0114375,0.2786259249790251,1051.143277682464,,,,,,
0.011454722222222222,0.2790680046138251,1052.06409611002,,,,,,
0.011489444444444444,0.2799564980017924,1053.3979016886,,,,,,
0.011506944444444443,0.2803954149896373,1054.550488354713,,,,,,
0.011541666666666665,0.2813505902198731,1056.100200974,,,,,,
0.011576666666666667,0.2822987687883921,1058.198424658314,,,,,,
0.011594166666666666,0.2827085126695572,1058.729814484866,,,,,,
0.011628888888888888,0.2835874449642192,1060.7076187325,,,,,,
0.011646111111111112,0.2840963282545351,1061.659922534106,,,,,,
0.011680833333333335,0.2849802482614096,1063.07911337938,,,,,,
0.011698333333333333,0.2853838602993041,1064.06737805965,,,,,,
0.011741388888888888,0.2865696572195722,1066.1857762325,,,,,,
0.01175888888888889,0.2870073249438725,1067.19623447956,,,,,,
0.01179361111111111,0.2879885053643998,1068.921891051975,,,,,,
0.011810833333333333,0.2884270666527617,1069.7957685,,,,,,
0.011845833333333335,0.2894415926140745,1071.532829453408,,,,,,
0.011880555555555556,0.2903827071987363,1073.524805569772,,,,,,
0.011898055555555556,0.2908220268794426,1074.235192220713,,,,,,
0.011932777777777777,0.2918320713369879,1076.164237066632,,,,,,
0.01195,0.2923009920370795,1077.219393688127,,,,,,
0.011984722222222223,0.293280439878688,1078.636081647655,,,,,,
0.012002222222222221,0.2937471528274522,1079.902641053052,,,,,,
0.012036944444444444,0.2946925800776856,1081.20141748437,,,,,,
0.012054166666666668,0.2952279008854033,1082.331527312266,,,,,,
0.01208888888888889,0.2961312533497074,1084.193047648264,,,,,,
0.012106388888888889,0.2965688907487134,1084.82944582,,,,,,
0.012141111111111111,0.297503002997502,1086.933222941478,,,,,,
0.012158333333333333,0.2979733729984315,1087.613043049404,,,,,,
0.012193055555555556,0.2989096516957167,1089.396168915998,,,,,,
0.012227777777777778,0.2997801372572067,1090.874178818424,,,,,,
0.012245277777777777,0.300212379699922,1091.86681616881,,,,,,
0.01228,0.3011799886671893,1093.677651550107,,,,,,
0.012297222222222223,0.3016145190633056,1094.401105136672,,,,,,
0.012331944444444446,0.3025765917607034,1096.605686947422,,,,,,
0.012349444444444444,0.303012787155032,1097.117120134944,,,,,,
0.012384166666666667,0.3039077795060533,1099.11878601,,,,,,
0.01240138888888889,0.3044406074642677,1100.030976847159,,,,,,
0.012436111111111111,0.3053393507268711,1101.63192671237,,,,,,
0.012453611111111111,0.3057687354726182,1102.6027823371,,,,,,
0.012488333333333332,0.3066997183642038,1104.21172754693,,,,,,
0.012523055555555555,0.307593704670752,1106.00352783866,,,,,,
0.012540555555555557,0.3080932112025145,1106.720650560525,,,,,,
0.012578055555555556,0.309017258045793,1108.785592746,,,,,,
0.012595555555555556,0.309448160220727,1109.536296799596,,,,,,
0.012630277777777778,0.3103734030124629,1111.371059141808,,,,,,
0.012647499999999999,0.3108338063403516,1112.43439956,,,,,,
0.012682222222222221,0.3117601846279878,1114.040996527293,,,,,,
0.012699722222222223,0.3121880083962058,1114.974698637996,,,,,,
0.012734444444444444,0.3130464324072474,1116.454411757725,,,,,,
0.012751666666666666,0.3135393950451797,1117.541233730844,,,,,,
0.012786388888888889,0.3143635082096561,1119.08500038684,,,,,,
0.012823055555555555,0.3152822810615296,1121.042558204352,,,,,,
0.012840555555555555,0.3157752420815996,1122.025890191928,,,,,,
0.012875277777777777,0.3166314878483054,1123.494936089,,,,,,
0.0128925,0.3170546622034892,1124.680499415649,,,,,,
0.012927222222222222,0.3179783630213354,1125.999482735088,,,,,,
0.012944722222222222,0.3184029852954808,1126.99134983458,,,,,,
0.012979444444444444,0.3193188571846896,1128.878142470923,,,,,,
0.012996666666666665,0.3197779655807889,1129.74919770768,,,,,,
0.013031388888888887,0.320659915400888,1131.602674524876,,,,,,
0.01304888888888889,0.3211865309795051,1132.27129627456,,,,,,
0.01308361111111111,0.3220639902199798,1134.443336957455,,,,,,
0.013118055555555556,0.3230465328502884,1136.078197205133,,,,,,
0.013141388888888888,0.3236636873678902,1137.575468019951,,,,,,
0.01317611111111111,0.3245487628258674,1138.794665913,,,,,,
0.013193333333333335,0.3250677013512777,1140.017088261343,,,,,,
0.013228055555555555,0.3259807353829387,1141.667895617,,,,,,
0.013245555555555556,0.3264044006753606,1142.428246110019,,,,,,
0.013280277777777776,0.3274107632409563,1144.5345490705,,,,,,
0.0132975,0.3278670617088022,1145.25199150544,,,,,,
0.013335555555555557,0.3289045114163971,1147.45270886763,,,,,,
0.013352777777777778,0.3293274727024199,1148.162266665896,,,,,,
0.0133875,0.3301705040989217,1149.815070707296,,,,,,
0.013405,0.3306885972463913,1150.838986797492,,,,,,
0.013439722222222223,0.3315310575458231,1152.43657530342,,,,,,
0.013474444444444445,0.3324684837010023,1154.331686503632,,,,,,
0.013491666666666667,0.3328909698144678,1154.940780411792,,,,,,
0.013526388888888888,0.3338247005714573,1157.0794005125,,,,,,
0.01354388888888889,0.3342471272040503,1157.63796246763,,,,,,
0.013578611111111112,0.3350822933995071,1159.670204545419,,,,,,
0.013595833333333333,0.335598695552831,1160.61364607,,,,,,
0.013630555555555555,0.3364365268594112,1162.268329493542,,,,,,
0.013648055555555556,0.3368860889059629,1163.255500452032,,,,,,
0.013682777777777778,0.337823929799197,1164.614613355584,,,,,,
0.013703055555555557,0.3383041636630272,1165.791725648266,,,,,,
0.01373777777777778,0.3392381541938074,1167.406281198184,,,,,,
0.0137725,0.3400693937560044,1169.423968009576,,,,,,
0.01379,0.3404891159843376,1169.992728221877,,,,,,
0.013824722222222223,0.3413864399145147,1171.840638329052,,,,,,
0.013841944444444445,0.3418026603257062,1172.708714790873,,,,,,
0.013876666666666667,0.3426997957030255,1174.38548988648,,,,,,
0.013894166666666666,0.3431460302445442,1175.503589242534,,,,,,
0.013928888888888888,0.3439801177418359,1176.9087111932,,,,,,
0.013946111111111112,0.3444581896995365,1177.939137904515,,,,,,
0.013980833333333335,0.3453217863657533,1179.58410154974,,,,,,
0.013998333333333333,0.3457049442361921,1180.301950757534,,,,,,
0.014033055555555556,0.3466272051941218,1182.421609664848,,,,,,
0.014067777777777778,0.3474261977836625,1183.834898412341,,,,,,
0.014087777777777779,0.3479638338045016,1185.256516411905,,,,,,
0.0141225,0.3487958301063828,1186.470236655369,,,,,,
0.014140000000000002,0.349207233168527,1187.52307018101,,,,,,
0.014175,0.3500981372613104,1189.243776769194,,,,,,
0.014192222222222222,0.350512103995145,1189.978356663404,,,,,,
0.014229444444444444,0.3514623423808308,1192.06824025068,,,,,,
0.014246666666666666,0.3518771174328546,1192.661758374744,,,,,,
0.014281388888888889,0.3527297270242134,1194.793541868312,,,,,,
0.014298888888888889,0.3532071475303329,1195.467603115185,,,,,,
0.014333611111111111,0.3540918431186125,1197.469346359544,,,,,,
0.014353055555555555,0.3545992119998794,1198.35578239938,,,,,,
0.014387777777777777,0.3555161476263131,1200.2698566443,,,,,,
0.0144225,0.3564030968383874,1201.753868141408,,,,,,
0.014439722222222222,0.3568137182966146,1202.56971582342,,,,,,
0.0144775,0.3578531108064655,1204.854747168317,,,,,,
0.014494722222222221,0.3582657116562926,1205.402086053814,,,,,,
0.01453611111111111,0.3593659443576298,1207.889767295211,,,,,,
0.014553333333333335,0.3598086463643601,1208.546322710525,,,,,,
0.014588055555555557,0.3607202299592278,1210.530318205168,,,,,,
0.014605555555555556,0.3611605419204073,1211.3761037235,,,,,,
0.014640277777777778,0.3620096448563183,1212.989561737946,,,,,,
0.0146575,0.3624794548595881,1214.080337415192,,,,,,
0.014692222222222223,0.3632978611753263,1215.476657693867,,,,,,
0.014726944444444445,0.364205866547712,1217.434608717054,,,,,,
0.014744444444444444,0.3646160460660531,1217.964048726,,,,,,
0.014778888888888888,0.3654255176265351,1220.125825324782,,,,,,
0.01479638888888889,0.3659286444945068,1220.86322540728,,,,,,
0.014831111111111113,0.3667412673510129,1222.578983417183,,,,,,
0.014848333333333333,0.3671767827643085,1223.658317848815,,,,,,
0.014883333333333333,0.3680852801813995,1225.195002111015,,,,,,
0.014900555555555556,0.3685196697131355,1226.40808417491,,,,,,
0.014935277777777778,0.3694301063592825,1227.6082565485,,,,,,
0.014952777777777777,0.3698326377958953,1228.729954690841,,,,,,
0.014987499999999999,0.3706437620873799,1230.272202691578,,,,,,
0.015025,0.3716064383825295,1232.473472415234,,,,,,
0.0150425,0.3720130582666605,1233.06327424842,,,,,,
0.015077222222222221,0.3728817940140886,1234.96526075637,,,,,,
0.015094444444444445,0.3732848902132427,1235.879824304496,,,,,,
0.015129166666666667,0.3740958450266956,1237.142666468658,,,,,,
0.015146666666666666,0.3745583269098392,1238.426443221,,,,,,
0.015181388888888888,0.3753970371976265,1239.958981449212,,,,,,
0.015198611111111112,0.3758009858876606,1240.673135265458,,,,,,
0.015233333333333335,0.3766655009191578,1242.75803725158,,,,,,
0.015250833333333333,0.3770700765551516,1243.349147849336,,,,,,
0.015285555555555556,0.3779632580910057,1245.591269424,,,,,,
0.015305833333333333,0.3784306073844898,1246.154370237564,,,,,,
0.015340555555555555,0.3792928277090655,1248.24661085676,,,,,,
0.015375277777777778,0.3800986354827936,1249.471264744416,,,,,,
0.015392777777777778,0.3804979679371358,1250.485833143161,,,,,,
0.0154275,0.3813617075306417,1252.219951022,,,,,,
0.015444722222222223,0.3817622165351361,1253.051230890869,,,,,,
0.015479444444444445,0.3826214801210482,1255.159130597232,,,,,,
0.015496944444444445,0.3830252131627504,1255.5812400972,,,,,,
0.015531666666666668,0.3838213227421461,1257.546831635088,,,,,,
0.015548888888888888,0.3843148870980616,1258.41328861316,,,,,,
0.01558361111111111,0.385142919280793,1260.237646014921,,,,,,
0.015603611111111112,0.3856335911696669,1261.276683504208,,,,,,
0.015638333333333334,0.386556759507978,1262.870833157492,,,,,,
0.015673055555555555,0.387412141079881,1264.96183614078,,,,,,
0.01569027777777778,0.3878136880916454,1265.337400777625,,,,,,
0.015725,0.3887283687419261,1267.65453371307,,,,,,
0.0157425,0.3891588227230816,1268.26277629578,,,,,,
0.015777222222222224,0.3900447229744333,1270.219178660152,,,,,,
0.015794444444444444,0.3904721271088257,1271.1052171755,,,,,,
0.015829166666666665,0.3913898063711015,1272.820679245024,,,,,,
0.01584666666666667,0.3918151725574046,1273.871417616,,,,,,
0.01588138888888889,0.392642246310804,1275.120517455785,,,,,,
0.015899444444444445,0.3930970152946207,1276.336372633465,,,,,,
0.015934444444444442,0.3939202623729848,1277.897576084908,,,,,,
0.01596888888888889,0.3947706468774033,1279.85720874351,,,,,,
0.015986666666666666,0.3951960363263124,1280.74642046727,,,,,,
0.016021388888888887,0.3960478140863919,1282.428535039964,,,,,,
0.01603888888888889,0.3964413202263322,1283.400970352449,,,,,,
0.01607361111111111,0.3972645213359315,1284.660430119556,,,,,,
0.016090833333333332,0.397716220057228,1285.991154789834,,,,,,
0.016125555555555556,0.3985684178881559,1287.385634357946,,,,,,
0.016143055555555556,0.3989606355031307,1288.39377880386,,,,,,
0.016177777777777777,0.3998690561940825,1290.213968537975,,,,,,
0.016195,0.4002643789582573,1290.811635549936,,,,,,
0.016229722222222222,0.4011399471513271,1292.8477055421,,,,,,
0.016247222222222222,0.4015325536441953,1293.62138167726,,,,,,
0.016281944444444446,0.4023161469339221,1295.456335260133,,,,,,
0.016316666666666667,0.4031951117979498,1296.824173904985,,,,,,
0.016333888888888887,0.4035559092380571,1297.746220793403,,,,,,
0.01636861111111111,0.4044301204533764,1299.535746490149,,,,,,
0.01638611111111111,0.4047936972030862,1300.08827745958,,,,,,
0.016420833333333332,0.4056025033618022,1302.223272618384,,,,,,
0.016438055555555556,0.4060547333625592,1303.070213838296,,,,,,
0.016476666666666667,0.4069852225819025,1305.185701099735,,,,,,
0.016494166666666667,0.4073770670814049,1305.864303614592,,,,,,
0.016532222222222222,0.4082463072698458,1307.84862973921,,,,,,
0.016549722222222223,0.4086366405998682,1308.645640195135,,,,,,
0.016584444444444443,0.4094175703836704,1310.156855024255,,,,,,
0.016619166666666668,0.4102558303023763,1311.952510399767,,,,,,
0.016636388888888888,0.4106475301991944,1312.500751294826,,,,,,
0.016671111111111112,0.4114811579326735,1314.795336545229,,,,,,
0.016688611111111112,0.4118728196435122,1315.29267146373,,,,,,
0.016723333333333333,0.4126184221768586,1317.042842816598,,,,,,
0.016740555555555554,0.4130968926664438,1317.9762787371,,,,,,
0.016775277777777778,0.4138439751304483,1319.526597128586,,,,,,
0.016792777777777778,0.4142601133970936,1320.571141223766,,,,,,
0.0168275,0.4151277600207187,1322.054137639016,,,,,,
0.016844722222222223,0.4155137434289491,1323.051589713158,,,,,,
0.016879444444444443,0.41640910766857,1324.755270013788,,,,,,
0.016914166666666668,0.4172388314608137,1326.956616305936,,,,,,
0.016931666666666668,0.4176854787529938,1327.77385488407,,,,,,
0.01696638888888889,0.4185504175751287,1329.308462012832,,,,,,
0.01698388888888889,0.4189638631807971,1330.4441754375,,,,,,
0.017018333333333333,0.4198581484370253,1331.914977833024,,,,,,
0.017035833333333333,0.4202709044646798,1333.0695149525,,,,,,
0.017070555555555554,0.4210747287173581,1334.349089676108,,,,,,
0.017087777777777778,0.4215484359640227,1335.45417074086,,,,,,
0.017125555555555557,0.4224066891714041,1337.31255495789,,,,,,
0.017142777777777778,0.4227936592924402,1337.864876589224,,,,,,
0.0171775,0.4236163837030059,1340.2034254,,,,,,
0.017195000000000002,0.4240338645999135,1340.691663567897,,,,,,
0.017229722222222223,0.4248596067707872,1342.549925782065,,,,,,
0.017264444444444443,0.4256599687116526,1343.886393457497,,,,,,
0.017281944444444447,0.4260115054830319,1344.895303691322,,,,,,
0.017319444444444446,0.4269263574568068,1346.714213544472,,,,,,
0.017338055555555554,0.4273981999850529,1347.716218872805,,,,,,
0.01737277777777778,0.4281608979530035,1349.616519668628,,,,,,
0.01739,0.4285753184445154,1350.246536434419,,,,,,
0.017424722222222223,0.4294257505095706,1352.333463524641,,,,,,
0.017442222222222224,0.4298097719222574,1352.917508941334,,,,,,
0.017476944444444444,0.4306604461886673,1354.8502732065,,,,,,
0.017497222222222223,0.4311310696733017,1355.710271285135,,,,,,
0.017531944444444444,0.4318942870951192,1357.288190267499,,,,,,
0.017566666666666668,0.4327448443133028,1359.02302145816,,,,,,
0.01758388888888889,0.4330982949514085,1359.583076933261,,,,,,
0.017618611111111113,0.4339141630149721,1361.74909192035,,,,,,
0.017636111111111113,0.4343267323403676,1362.317259877476,,,,,,
0.017670833333333334,0.4350836308718553,1364.372795592036,,,,,,
0.017688055555555554,0.4355534076623121,1365.085193976018,,,,,,
0.01772277777777778,0.4362823949415057,1366.765927123653,,,,,,
0.017740833333333334,0.4367491406113439,1367.86105241107,,,,,,
0.017775555555555555,0.437480939584614,1369.091827391966,,,,,,
0.01779305555555556,0.4378562318110454,1370.37192785285,,,,,,
0.01782777777777778,0.4387059828171341,1371.592277664,,,,,,
0.017862222222222224,0.4394309281411273,1373.49201238368,,,,,,
0.0178825,0.4399274562074559,1374.349969767192,,,,,,
0.01791722222222222,0.4406824298205334,1376.13057861342,,,,,,
0.01793472222222222,0.4410303115354718,1376.955894331996,,,,,,
0.017969444444444444,0.4418456537011272,1378.483989790596,,,,,,
0.017986666666666665,0.4422209004843285,1379.5720146105,,,,,,
0.01802138888888889,0.443007218766856,1380.877263821055,,,,,,
0.01803888888888889,0.4433818246434695,1381.991731460238,,,,,,
0.01807361111111111,0.4441654655614847,1383.51729812853,,,,,,
0.018090833333333334,0.4446011123382116,1384.322860650786,,,,,,
0.018125555555555554,0.4454085393224487,1386.4786398925,,,,,,
0.018143055555555555,0.4458153800549631,1387.096385144704,,,,,,
0.01817777777777778,0.4466808482337971,1389.2341440385,,,,,,
0.0182125,0.4474641572434824,1390.482038171261,,,,,,
0.01822972222222222,0.4479246750873134,1391.71628368899,,,,,,
0.018267500000000002,0.4487647048881731,1393.095623685395,,,,,,
0.018284722222222223,0.4491667387779442,1394.146685462781,,,,,,
0.018319444444444444,0.4500303207590369,1396.162885146813,,,,,,
0.018336944444444447,0.4504368397103711,1396.586679034668,,,,,,
0.018371944444444444,0.4512677090387854,1398.856897661259,,,,,,
0.018391666666666664,0.4517313296856952,1399.482794166435,,,,,,
0.018426388888888888,0.4525630333337952,1401.514121018759,,,,,,
0.018443888888888888,0.452937079630262,1402.257318949996,,,,,,
0.01847861111111111,0.4536835866515355,1403.810564619615,,,,,,
0.018513333333333333,0.4545174623713733,1405.445023798816,,,,,,
0.018530555555555554,0.4548908002826362,1406.186331574335,,,,,,
0.018565277777777778,0.4557213298185858,1408.038087073815,,,,,,
0.018582777777777778,0.4560955542166002,1408.610007344208,,,,,,
0.0186175,0.4568658914942527,1410.582598749684,,,,,,
0.01863472222222222,0.4572950055033274,1411.527018900153,,,,,,
0.018669444444444443,0.458093994250892,1413.39929612245,,,,,,
0.018686944444444444,0.4584956210563043,1414.114310653278,,,,,,
0.018724444444444446,0.4593829673508401,1415.754194314332,,,,,,
0.018743888888888886,0.4598090527929032,1416.95020876632,,,,,,
0.01877861111111111,0.4605832522459423,1418.06596099,,,,,,
0.01881333333333333,0.4613773540440175,1420.315520492952,,,,,,
0.01883055555555556,0.4617505079702749,1420.755478753752,,,,,,
0.01886527777777778,0.4625169325618508,1422.680914043298,,,,,,
0.018882777777777776,0.4629454114604918,1423.399034190582,,,,,,
0.018917499999999997,0.4636844908469327,1425.044316349845,,,,,,
0.018934722222222224,0.4640806037655446,1426.103040816983,,,,,,
0.018969444444444445,0.4649067929968579,1427.545353287797,,,,,,
0.01898694444444444,0.4652739151441903,1428.5973394,,,,,,
0.019025833333333332,0.4661567329416103,1430.054181040341,,,,,,
0.01904722222222222,0.466635677808482,1431.510280146804,,,,,,
0.019082777777777775,0.4674313372568526,1432.94411350542,,,,,,
0.01911888888888889,0.4682213656962803,1434.947657197627,,,,,,
0.019136666666666666,0.4685898632325181,1435.664404492994,,,,,,
0.019171388888888887,0.4693531147584888,1437.33175309759,,,,,,
0.019188611111111108,0.4697188630556904,1438.354048620656,,,,,,
0.019223333333333332,0.4704572367068774,1439.446479885596,,,,,,
0.019240833333333332,0.4708783862246559,1440.684465205,,,,,,
0.019275555555555553,0.4716151801959381,1441.872523271052,,,,,,
0.019292777777777777,0.4719807735077426,1442.808225020162,,,,,,
0.019327499999999997,0.4727970049437512,1444.712312595648,,,,,,
0.019344999999999998,0.4731646343328781,1445.323941351576,,,,,,
0.019379722222222222,0.4740064385916514,1447.464193330505,,,,,,
0.019396944444444442,0.4744030278348343,1448.01433926912,,,,,,
0.019431666666666667,0.4751599465537223,1449.940650794334,,,,,,
0.019466388888888887,0.4760068402339394,1451.271241657049,,,,,,
0.019483888888888887,0.476369977888323,1452.32302510176,,,,,,
0.01951861111111111,0.4772121181462861,1454.066147960763,,,,,,
0.019535833333333332,0.4776063197869322,1454.765619364488,,,,,,
0.019570555555555553,0.4783890419016963,1456.692110142048,,,,,,
0.019588055555555553,0.4788117841294272,1457.282411783228,,,,,,
0.019622777777777777,0.4795928273592795,1459.392122799088,,,,,,
0.019639999999999998,0.4799860947943765,1460.008745010951,,,,,,
0.019674722222222222,0.4807691727587966,1461.725847375,,,,,,
0.019692222222222222,0.4811325809720834,1462.514422140456,,,,,,
0.019726944444444443,0.4819170531742221,1463.925817147904,,,,,,
0.019761666666666667,0.4826686162495489,1465.820765205069,,,,,,
0.019780833333333334,0.4830621213766986,1466.244192365312,,,,,,
0.019815555555555555,0.4838680347192781,1468.34083969463,,,,,,
0.019833055555555555,0.4842315357855949,1468.967131743204,,,,,,
0.01986777777777778,0.4849827299116433,1470.764649842208,,,,,,
0.019885,0.48542783441277,1471.741772345088,,,,,,
0.01991972222222222,0.4861792735896087,1473.302429569894,,,,,,
0.01993722222222222,0.4865678470076328,1474.2908419593,,,,,,
0.019971944444444445,0.4873504867374801,1475.295028036262,,,,,,
0.019989166666666666,0.4877366652544607,1476.547055548488,,,,,,
0.02002388888888889,0.4885161036685974,1477.862088858876,,,,,,
0.02005861111111111,0.4892353487774178,1479.696224941368,,,,,,
0.02007611111111111,0.4895970664524866,1480.302240469788,,,,,,
0.02011388888888889,0.4904283839216478,1482.111447568339,,,,,,
0.02013111111111111,0.4908152822475821,1483.022021110422,,,,,,
0.020167777777777778,0.4915929001415192,1484.345070314124,,,,,,
0.020185277777777778,0.4920327335555668,1485.645900457043,,,,,,
0.020220000000000002,0.4927551410443445,1486.705978385984,,,,,,
0.020237222222222222,0.4931134757986787,1487.60234530219,,,,,,
0.020271944444444443,0.4938866872071356,1489.286580119825,,,,,,
0.020289444444444443,0.494246437591093,1489.84893745597,,,,,,
0.020324166666666667,0.495016449615625,1491.853911538006,,,,,,
0.020341666666666668,0.4953771733716072,1492.311510936176,,,,,,
0.02037638888888889,0.4960920062845094,1494.084562785964,,,,,,
0.020411111111111113,0.4968653370197375,1495.438157950632,,,,,,
0.020428333333333333,0.4972218242864545,1496.389176524535,,,,,,
0.020463055555555557,0.4979937675863483,1497.729688041339,,,,,,
0.020480555555555557,0.4983512697525211,1498.485205636458,,,,,,
0.020515277777777778,0.4990902835466127,1500.443058674115,,,,,,
0.020532500000000002,0.4995054910464272,1500.882380158791,,,,,,
0.020567222222222223,0.5002150005408769,1502.990784756421,,,,,,
0.020584722222222223,0.5005735577245203,1503.4904512075,,,,,,
0.020619444444444447,0.5013961161657099,1505.268251015424,,,,,,
0.020636666666666668,0.501751158698694,1506.199040625285,,,,,,
0.02067138888888889,0.5025743648156036,1507.667312286126,,,,,,
0.020706111111111113,0.5033681896315187,1509.305498194952,,,,,,
0.020723611111111113,0.5037258131300112,1509.778344458629,,,,,,
0.020758333333333333,0.5045425333233502,1512.014819000051,,,,,,
0.020775555555555558,0.5049270648391477,1512.505061514738,,,,,,
0.020810277777777778,0.5057447965710081,1514.46361736535,,,,,,
0.02082777777777778,0.506099314162417,1515.25428465285,,,,,,
0.020862500000000003,0.5068384688325158,1516.399716447753,,,,,,
0.020879722222222223,0.5072716267506987,1517.717643981388,,,,,,
0.020914444444444444,0.5080116486118456,1518.704854552744,,,,,,
0.020931944444444444,0.508363133853125,1519.811364848945,,,,,,
0.020966666666666668,0.5091540677717372,1521.215840371368,,,,,,
0.02100138888888889,0.5098301814789916,1523.149188131159,,,,,,
0.02101888888888889,0.5102650839957156,1524.039237444696,,,,,,
0.021053611111111113,0.5110003742460884,1525.385315954048,,,,,,
0.021070833333333334,0.5113523028634718,1526.282252893165,,,,,,
0.021105555555555558,0.5121414648288314,1527.605221828873,,,,,,
0.021123055555555558,0.5124913085175198,1528.742535557916,,,,,,
0.02115777777777778,0.5133057684751003,1530.212201623212,,,,,,
0.021177777777777778,0.5137109877008237,1531.241922401657,,,,,,
0.0212125,0.5144709235145778,1532.592157342218,,,,,,
0.02123,0.5148509979562876,1533.17795728974,,,,,,
0.021264722222222223,0.5155774663274898,1535.222490340485,,,,,,
0.021281944444444444,0.5159304083039924,1535.746332290768,,,,,,
0.021316666666666664,0.5167120748530092,1537.717460080515,,,,,,
0.02135138888888889,0.5174169315028763,1538.693780088564,,,,,,
0.02136888888888889,0.5178211234671078,1539.634685529902,,,,,,
0.02140361111111111,0.518523108676784,1540.9991233,,,,,,
0.02142111111111111,0.5188739598539236,1541.675251446209,,,,,,
0.021455833333333334,0.5196524583117902,1543.688836083632,,,,,,
0.021473055555555554,0.5200051237990695,1544.0459083,,,,,,
0.021510555555555557,0.5208101534786732,1546.090424970756,,,,,,
0.021530833333333332,0.5212141082940472,1546.782315629435,,,,,,
0.021568333333333335,0.5220460966269169,1548.777642309755,,,,,,
0.021585833333333335,0.5223959224255488,1549.337762089425,,,,,,
0.021620555555555556,0.5230680492067664,1550.662190958858,,,,,,
0.02165527777777778,0.5238198404776432,1552.17390175223,,,,,,
0.021675555555555556,0.5242217816647021,1552.983217079296,,,,,,
0.021710277777777776,0.5249979443258029,1554.825838510245,,,,,,
0.021727777777777776,0.5253212320330763,1555.184288522,,,,,,
0.0217625,0.5260151330133241,1556.969354762454,,,,,,
0.02177972222222222,0.5264184003160205,1557.543824265312,,,,,,
0.021814444444444442,0.527111056472727,1559.313648738815,,,,,,
0.021831944444444445,0.5274574615416917,1560.204985603452,,,,,,
0.021867222222222222,0.528235307202355,1561.435689194425,,,,,,
0.021884722222222222,0.5286069451933957,1562.501276177481,,,,,,
0.021919444444444443,0.5293834067212715,1563.717048381332,,,,,,
0.021954166666666667,0.5301545025200758,1565.635571926056,,,,,,
0.021971666666666667,0.5305846502078383,1566.03334631378,,,,,,
0.022006388888888888,0.5312734840723718,1567.946952375104,,,,,,
0.022023611111111112,0.5316464237908747,1568.743133621004,,,,,,
0.02206111111111111,0.5324733797261151,1570.129410181734,,,,,,
0.02207861111111111,0.532843360942031,1571.210488283646,,,,,,
0.022113333333333336,0.5336438291585044,1572.42384823623,,,,,,
0.022130555555555556,0.5339875713125426,1573.379106351975,,,,,,
0.022165277777777777,0.5347061456466837,1574.575157925,,,,,,
0.02218277777777778,0.5351047487638316,1575.325957279368,,,,,,
0.0222175,0.53579228785702,1577.06293423456,,,,,,
0.02223472222222222,0.536138686208205,1577.512830188425,,,,,,
0.022269444444444446,0.5369052556618504,1579.339526688399,,,,,,
0.022304166666666667,0.5375963589994535,1580.359686138805,,,,,,
0.022321666666666667,0.5379902728517936,1581.553276171024,,,,,,
0.02235638888888889,0.5387090036097789,1582.385382444744,,,,,,
0.02237361111111111,0.5390511203906367,1583.32675658148,,,,,,
0.022408333333333332,0.5398160685861509,1585.06487984553,,,,,,
0.02242861111111111,0.5402391786451951,1585.810219923,,,,,,
0.02246333333333333,0.541029613285118,1587.64952634184,,,,,,
0.022480833333333332,0.5413746271983502,1588.03568678573,,,,,,
0.022515555555555556,0.5420588266213766,1589.545507951188,,,,,,
0.022532777777777777,0.5424548791635533,1590.242821301322,,,,,,
0.022567499999999997,0.5431398027632444,1591.6208727965,,,,,,
0.02260222222222222,0.5439053591490928,1592.797269060984,,,,,,
0.02261972222222222,0.5442468078262412,1593.573852216544,,,,,,
0.022654444444444442,0.5449302970772185,1594.984456430526,,,,,,
0.022671666666666666,0.5453265936587653,1595.472581435103,,,,,,
0.022706388888888887,0.5460074263601252,1597.175888992725,,,,,,
0.022723888888888887,0.5463496093983605,1597.64305565175,,,,,,
0.02275861111111111,0.5470832066814268,1599.308141400228,,,,,,
0.022775833333333332,0.5474513622605364,1599.94756978406,,,,,,
0.022810555555555553,0.5481625492955003,1600.809089614424,,,,,,
0.022828055555555556,0.548500868607013,1601.844037473732,,,,,,
0.022862777777777777,0.5492374362939623,1602.72466836031,,,,,,
0.02290027777777778,0.549995556703042,1604.418707341512,,,,,,
0.0229175,0.5503379948620654,1604.72707190838,,,,,,
0.022955000000000003,0.5511227422818246,1606.138673077512,,,,,,
0.0229725,0.5514652349584332,1606.378991820543,,,,,,
0.02300722222222222,0.5521204825057898,1607.26434563961,,,,,,
0.023024444444444445,0.5525379753789488,1608.169999288842,,,,,,
0.023062222222222224,0.553247480435354,1608.732924771,,,,,,
0.023079444444444444,0.5536377592254552,1609.64311426974,,,,,,
0.023114166666666665,0.5543475434005455,1610.041337633124,,,,,,
0.02313166666666667,0.5546870522546619,1610.57173239,,,,,,
0.02316638888888889,0.5554726880420306,1611.40713746768,,,,,,
0.02318361111111111,0.5558403647459046,1611.553489182,,,,,,
0.023218333333333334,0.5566538883980543,1611.962037654527,,,,,,
0.023253055555555555,0.5573648582579119,1611.83894180188,,,,,,
0.023270555555555555,0.5577334055976396,1611.829703277844,,,,,,
0.02330527777777778,0.558529881660363,1610.505890074176,,,,,,
0.0233225,0.5588987726115204,1610.374144526002,,,,,,
0.02335722222222222,0.5597010733234653,1607.988499845072,,,,,,
0.023374722222222224,0.5600520106646857,1606.442277433529,,,,,,
0.023409444444444445,0.5608204927970316,1601.07030084,,,,,,
0.023426666666666665,0.56124206835277,1596.601944510694,,,,,,
0.02346138888888889,0.5620038761989142,1587.957367035228,,,,,,
0.02347888888888889,0.5624157732251527,1580.758000892665,,,,,,
0.02351388888888889,0.5632565571566921,1563.676768649512,,,,,,
0.023548611111111114,0.5640532499998978,1549.24527444504,,,,,,
0.023565833333333334,0.5644946797897784,1541.391334361739,,,,,,
0.023600555555555555,0.5652804700643853,1528.58539022873,,,,,,
0.02361805555555556,0.5657249031729306,1515.979272470131,,,,,,
0.02365527777777778,0.5667381659031405,1487.448108368235,,,,,,
0.023672777777777775,0.5671323015551568,1482.779412045498,,,,,,
0.0237075,0.5679184338187921,1477.695224473,,,,,,
0.023724722222222223,0.5682973846274022,1475.266539771864,,,,,,
0.023759444444444448,0.5690009107880599,1470.806021659102,,,,,,
0.023776944444444444,0.5694322109040568,1468.244526810555,,,,,,
0.023811666666666665,0.5701608216187859,1459.642078805526,,,,,,
0.023846388888888886,0.5710350385389829,1444.252284843245,,,,,,
0.023863611111111113,0.5714265338618594,1435.50511472772,,,,,,
0.023898333333333334,0.5721828299300505,1422.195140358512,,,,,,
0.02391583333333333,0.5726332360522338,1416.32041224807,,,,,,
0.023954444444444445,0.5734823239868497,1408.65629496,,,,,,
0.023971944444444445,0.5738438348940748,1404.541016453982,,,,,,
0.02400666666666667,0.574581494512492,1393.882737035289,,,,,,
0.02402388888888889,0.5750352704434257,1387.2646368525,,,,,,
0.024058611111111114,0.5757846535990814,1374.549114575538,,,,,,
0.024076111111111114,0.5761239888514211,1369.649087293653,,,,,,
0.024110833333333335,0.5769418671025359,1358.153838067725,,,,,,
0.02414555555555556,0.5776476293976537,1352.224426598106,,,,,,
0.02416277777777778,0.5780804949904848,1348.82224618922,,,,,,
0.024199444444444444,0.5788448087585865,1341.501176712214,,,,,,
0.024216944444444444,0.5791983281060732,1338.322866338042,,,,,,
0.024251666666666664,0.5799111810507461,1330.952948884,,,,,,
0.02426888888888889,0.5803330595360978,1324.938162373494,,,,,,
0.024306666666666667,0.581166091923953,1310.328820605,,,,,,
0.024324166666666664,0.5815941964387294,1303.196755311016,,,,,,
0.02436111111111111,0.5824090163354664,1291.3566501735,,,,,,
0.024378333333333335,0.5827708879010389,1286.578128290703,,,,,,
0.024413055555555556,0.5835920634058093,1277.74788532118,,,,,,
0.024430555555555556,0.583945471632623,1274.18318369237,,,,,,
0.024465555555555553,0.5846796052443698,1266.925138520947,,,,,,
0.024500277777777777,0.5855127298504642,1255.748273661408,,,,,,
0.0245175,0.5859127260775949,1248.730670916838,,,,,,
0.024552222222222225,0.5868934887730435,1213.038526434248,,,,,,
0.024569722222222222,0.5873334391522309,1199.319630428583,,,,,,
0.024604444444444443,0.5880568244672784,1197.412968143835,,,,,,
0.024621666666666667,0.5884490524649679,1195.630651160996,,,,,,
0.02465638888888889,0.5891564567345279,1192.16051359324,,,,,,
0.024673888888888888,0.5895256419845737,1189.863248761019,,,,,,
0.02470861111111111,0.5902703359535142,1184.239331263812,,,,,,
0.024725833333333336,0.5906204096717089,1180.87332949062,,,,,,
0.024760555555555556,0.5913903650851642,1170.810231768636,,,,,,
0.02479527777777778,0.5922056032866225,1149.020086725875,,,,,,
0.024812777777777777,0.5925774940959678,1141.79716351815,,,,,,
0.024847499999999998,0.5933822181047853,1129.996997727476,,,,,,
0.024864722222222222,0.5937499512400798,1123.4732755829,,,,,,
0.024899444444444446,0.5945829493617352,1110.847230198234,,,,,,
0.024916944444444443,0.5949702163172292,1105.24032457685,,,,,,
0.024951666666666664,0.5956856398683318,1095.198210843984,,,,,,
0.02496888888888889,0.5961461434723596,1089.872850447402,,,,,,
0.025003611111111112,0.5968564760998134,1080.615139328701,,,,,,
0.02502111111111111,0.5972332768278511,1076.502151793264,,,,,,
0.025055833333333333,0.5980097419304002,1068.63129095247,,,,,,
0.025090555555555553,0.598698139764778,1062.814528872048,,,,,,
0.02510777777777778,0.5991245801451136,1058.774473698255,,,,,,
0.0251425,0.5998110918928328,1053.039583947024,,,,,,
0.02516,0.6001788958532561,1050.329279165187,,,,,,
0.02519472222222222,0.6009186080515988,1043.9524394857,,,,,,
0.025211944444444447,0.6012867194628708,1041.114409220502,,,,,,
0.025246666666666667,0.6020378230849632,1032.74592503534,,,,,,
0.025264166666666664,0.602388146435186,1028.456003898345,,,,,,
0.025298888888888888,0.6031126771642328,1020.235332779106,,,,,,
0.025316111111111112,0.6035118849280167,1016.166584699125,,,,,,
0.02534916666666667,0.6041996351193154,1009.652824666724,,,,,,
0.025366666666666666,0.6045475006485935,1005.729141515998,,,,,,
0.025404444444444445,0.6052992663831189,996.776488675,,,,,,
0.02543916666666667,0.6061064558721088,986.7741400996159,,,,,,
0.02545638888888889,0.6064577867676417,982.1291346308199,,,,,,
0.02549111111111111,0.607252769281146,969.717561456607,,,,,,
0.02550861111111111,0.6076163739868222,962.888945921084,,,,,,
0.025543333333333335,0.6083668553132173,945.061751797275,,,,,,
0.025560555555555555,0.6088319538460334,929.2645677922641,,,,,,
0.02559527777777778,0.6096224015835159,908.7826271575499,,,,,,
0.02561277777777778,0.6100093959926032,897.650986172615,,,,,,
0.0256475,0.6109525780560007,863.4256265618759,,,,,,
0.02566472222222222,0.6114369589989618,839.700366058905,,,,,,
0.0257025,0.6124103974925561,808.497938138,,,,,,
0.025736944444444448,0.6132289191574507,791.002757377196,,,,,,
0.025755833333333335,0.6136631914753665,784.275862758435,,,,,,
0.025790555555555556,0.6143942380142178,773.2598188005301,,,,,,
0.025807777777777777,0.6148265362835342,766.7732676174999,,,,,,
0.0258425,0.6155344104625537,755.273690973648,,,,,,
0.02586,0.6159020104224001,751.35612120285,,,,,,
0.025898333333333332,0.6167142027360126,742.965156681209,,,,,,
0.025915555555555556,0.6170567041868837,739.088069569626,,,,,,
0.02595027777777778,0.6178257933574096,729.437890276124,,,,,,
0.025967777777777777,0.6181681338155662,725.513690665347,,,,,,
0.026002499999999998,0.618926797262768,717.51854383167,,,,,,
0.026037222222222222,0.6196160465787832,708.6976472556361,,,,,,
0.026054444444444446,0.6199920043895071,703.113463886004,,,,,,
0.026089166666666667,0.6207702596581861,687.0421118504561,,,,,,
0.026106666666666667,0.6211629113850101,678.433367246261,,,,,,
0.026141388888888888,0.6220057939204822,655.15342663737,,,,,,
0.02615861111111111,0.6224410523517115,638.836539304131,,,,,,
0.026193333333333336,0.623338913936053,605.610444847135,,,,,,
0.02621361111111111,0.6238046731870551,592.507071946101,,,,,,
0.026248333333333332,0.6246440151855503,564.9765121220851,,,,,,
0.026265555555555556,0.6251162655898892,550.585984780207,,,,,,
0.026300277777777777,0.6258549688278359,532.087144113165,,,,,,
0.026317777777777777,0.6262357855288031,520.6631831838849,,,,,,
0.0263525,0.6271487938799548,488.3303955842101,,,,,,
0.02638722222222222,0.6280232520253057,445.332553052244,,,,,,
0.026404444444444442,0.6285630344710258,418.446232144808,,,,,,
0.026439166666666666,0.6294041661358266,385.373450406695,,,,,,
0.026456666666666667,0.6297688299496702,376.609966028736,,,,,,
0.026491388888888887,0.6305577545209989,361.404431481225,,,,,,
0.02650861111111111,0.6309048043800561,355.60524491152,,,,,,
0.026543333333333332,0.631665290513855,345.3044135902521,,,,,,
0.026560833333333332,0.6320033763269133,341.12796680712,,,,,,
0.02659861111111111,0.6327304288786346,332.168862093971,,,,,,
0.02661583333333333,0.6331533472292066,325.76991549081,,,,,,
0.026650555555555552,0.6338353969715274,316.03534457812,,,,,,
0.026685277777777777,0.6345864545893197,306.97581244687,,,,,,
0.026702777777777777,0.6349236592260821,302.660891290125,,,,,,
0.026741944444444443,0.6358062831932818,278.39157982392,,,,,,
0.026759166666666667,0.6362719654948826,255.175030631367,,,,,,
0.026793888888888888,0.6370321963065304,239.6525483,,,,,,
0.026811388888888888,0.6373495418659822,238.851019252545,,,,,,
0.026846111111111112,0.638022070309316,238.964561342709,,,,,,
0.026863333333333333,0.63835849415583,239.057551077864,,,,,,
0.026898333333333333,0.6390064424355393,239.192740069087,,,,,,
0.026915555555555557,0.6394142679738536,239.307202135696,,,,,,
0.026950277777777778,0.6400851448428041,239.468862844288,,,,,,
0.026985277777777778,0.6408042971955427,239.5961357265,,,,,,
0.027003333333333334,0.6411394561533368,239.653188960768,,,,,,
0.027038055555555555,0.6418339091015849,239.821747968405,,,,,,
0.02705527777777778,0.6421687538267938,239.873171554544,,,,,,
0.027093055555555554,0.6428617846742951,240.074942348709,,,,,,
0.027110277777777775,0.6432681093489883,240.176972684474,,,,,,
0.027146666666666666,0.6439608747806956,240.287817024,,,,,,
0.02716388888888889,0.6442711676261231,240.372759029598,,,,,,
0.027198611111111114,0.6449152349098889,240.519246353082,,,,,,
0.02721611111111111,0.645273108453799,240.589126193,,,,,,
0.02725361111111111,0.645940717858158,240.72759854474,,,,,,
0.02727083333333333,0.6462505107066439,240.791599459872,,,,,,
0.027305833333333335,0.6469406807442113,241.000630749156,,,,,,
0.027340555555555555,0.6476308521373874,241.1214648825,,,,,,
0.027357777777777776,0.6479401841519836,241.173930899018,,,,,,
0.0273925,0.6485816736331225,241.361050183968,,,,,,
0.02741,0.6489381064110757,241.45519178,,,,,,
0.02744472222222222,0.6496034248484277,241.565632512105,,,,,,
0.027461944444444445,0.6499353596178239,241.67601995544,,,,,,
0.027496666666666666,0.6506472474792022,241.843280042842,,,,,,
0.027514166666666666,0.6509555045606245,241.92236981824,,,,,,
0.027549444444444442,0.6516188111560205,242.060567441168,,,,,,
0.027566944444444446,0.6519268998159933,242.115250393263,,,,,,
0.027601666666666667,0.652566476880453,242.28050382675,,,,,,
0.027636388888888887,0.6532287656562923,242.40938386158,,,,,,
0.02765361111111111,0.653536079554687,242.51626014693,,,,,,
0.027688611111111112,0.654221540951231,242.669446453336,,,,,,
0.027706111111111112,0.65452872309734,242.743905184627,,,,,,
0.027740555555555556,0.6552136845417367,242.863302141635,,,,,,
0.027758055555555557,0.6555205181886279,242.945997276716,,,,,,
0.027792777777777777,0.6561338112682753,243.128688096492,,,,,,
0.027810277777777778,0.6565109027150207,243.22853827674,,,,,,
0.027845277777777778,0.6571006415924138,243.334342764534,,,,,,
0.027862500000000002,0.6574069653966291,243.404142096213,,,,,,
0.027897222222222223,0.6580660886663587,243.52689134382,,,,,,
0.027931944444444447,0.6586778969214557,243.69567842763,,,,,,
0.027949444444444443,0.659030749821629,243.789861933912,,,,,,
0.027984166666666664,0.6596422404112667,243.907164362878,,,,,,
0.02800138888888889,0.6599476883736514,243.995583354614,,,,,,
0.028036111111111112,0.6605818323271474,244.124473918578,,,,,,
0.02805361111111111,0.6609101571616239,244.2325680986,,,,,,
0.028091666666666664,0.6616142285267803,244.409041392183,,,,,,
0.028108888888888888,0.6619192535184487,244.463501613,,,,,,
0.028146388888888887,0.6626696836825022,244.621044444435,,,,,,
0.02816361111111111,0.6629736372674407,244.72002409361,,,,,,
0.028198333333333332,0.6636062582758068,244.872347629215,,,,,,
0.028215833333333332,0.6639805933236643,244.96260877,,,,,,
0.028250555555555557,0.6646590017386731,245.102844479218,,,,,,
0.028285277777777777,0.6653369026511058,245.25215828982,,,,,,
0.028302777777777777,0.6656409724474739,245.272402483449,,,,,,
0.0283375,0.6662715584326822,245.49189718058,,,,,,
0.028354722222222222,0.6666448660535974,245.588139320524,,,,,,
0.028389722222222222,0.6672747052934014,245.730916836194,,,,,,
0.028407222222222223,0.6676477729538567,245.801324533032,,,,,,
0.028441944444444447,0.6683004745552038,245.966314957596,,,,,,
0.028459444444444443,0.6685802913293084,246.037415943885,,,,,,
0.028496944444444443,0.669302064700156,246.212481605616,,,,,,
0.028514444444444446,0.6695809676445452,246.306992523211,,,,,,
0.028553333333333333,0.6703022330925853,246.440728359254,,,,,,
0.028588055555555558,0.6709531319915848,246.619861816589,,,,,,
0.028605555555555558,0.6712782711671623,246.689204532819,,,,,,
0.02864,0.6719056429751675,246.84513539553,,,,,,
0.02865777777777778,0.6722535937635983,246.891815751456,,,,,,
0.028692500000000003,0.6729034251966185,247.031875542368,,,,,,
0.028709722222222223,0.6732048431539198,247.12175592,,,,,,
0.02874472222222222,0.6739001201025936,247.336011892908,,,,,,
0.028761944444444448,0.6742244171803986,247.38299118,,,,,,
0.02879666666666667,0.6748729695864074,247.523014257734,,,,,,
0.028814166666666665,0.6751739345546246,247.585579259488,,,,,,
0.02900111111111111,0.6766764826143556,247.978755040878,,,,,,
0.029035833333333334,0.6766766344919938,247.948997000352,,,,,,
0.029053333333333334,0.6766765430959809,247.96690461579,,,,,,
0.029087777777777775,0.6766768293783052,247.910812078422,,,,,,
0.029105277777777775,0.6766767070679219,247.93477688421,,,,,,
0.02914,0.6766766775006966,247.940570118948,,,,,,
0.02915722222222222,0.676676653302018,247.945311470874,,,,,,
0.029191944444444444,0.6766766465863067,247.946627309298,,,,,,
0.029209444444444444,0.6766768414726155,247.908442387368,,,,,,
0.029245555555555556,0.676676762170933,247.923980311752,,,,,,
0.029256944444444447,0.6766766586806192,247.944257618244,,,,,,
0.02929,0.6766766775006966,247.940570118948,,,,,,
